codigo_ibge,municipio,estado,mesorregiao,microrregiao,populacao_censo_2022,populacao_estimada_ultimo_ano,ano_estimativa,sexo_masculino,sexo_feminino,sexo_total,faixa_0_14,faixa_15_59,faixa_60_mais,faixa_total,cor_branca,cor_preta,cor_parda,cor_amarela,cor_indigena,cor_total,taxa_alfabetizacao_15_mais,taxa_analfabetismo_15_mais,pop_urbana,pop_rural,taxa_urbana,taxa_rural,renda_per_capita,pct_vulneraveis_pobreza,ano_renda_vulnerabilidade
2200053,Acauã,PI,Sudeste Piauiense,Alto Médio Canindé,6420,6323,2025,3276,3144,6420,1281,4137,1002,6420,4314,616,1486,1,3,6420,83.11,16.89,1535,4885,23.91,76.09,199.35,73.12,2010
2200103,Agricolândia,PI,Centro-Norte Piauiense,Médio Parnaíba Piauiense,4940,5016,2025,2384,2556,4940,984,2959,997,4940,777,594,3549,2,16,4940,78.97,21.03,4011,929,81.19,18.81,245.68,65.81,2010
2200202,Água Branca,PI,Centro-Norte Piauiense,Médio Parnaíba Piauiense,17573,18095,2025,8402,9171,17573,3850,10956,2767,17573,3937,2193,11419,10,14,17573,84.94,15.06,15667,1906,89.15,10.85,335.63,56.11,2010
2200251,Alagoinha do Piauí,PI,Sudeste Piauiense,Pio IX,6819,6876,2025,3428,3391,6819,1199,4368,1252,6819,2613,595,3609,2,,6819,66.39,33.61,3820,2999,56.02,43.98,222.87,69.96,2010
2200277,Alegrete do Piauí,PI,Sudeste Piauiense,Pio IX,4634,4707,2025,2306,2328,4634,961,2927,746,4634,1212,273,3148,,1,4634,70.79,29.21,3038,1596,65.56,34.44,268.12,63.35,2010
2200301,Alto Longá,PI,Centro-Norte Piauiense,Campo Maior,13479,13729,2025,6808,6671,13479,2511,8326,2642,13479,2637,1587,9241,12,2,13479,71.75,28.25,6724,6755,49.89,50.11,272.28,69.67,2010
2200400,Altos,PI,Centro-Norte Piauiense,Teresina,47453,50094,2025,23674,23779,47453,10174,30445,6834,47453,7655,4854,34905,2,37,47453,83.02,16.98,34201,13252,72.07,27.93,314.48,63.75,2010
2200459,Alvorada do Gurguéia,PI,Sudoeste Piauiense,Alto Médio Gurguéia,5322,5474,2025,2729,2593,5322,1260,3303,759,5322,715,652,3950,,5,5322,82.52,17.48,2106,3216,39.57,60.43,203.23,78.11,2010
2200509,Amarante,PI,Centro-Norte Piauiense,Médio Parnaíba Piauiense,17234,17594,2025,8446,8788,17234,4130,10092,3012,17234,1906,5348,9951,11,17,17234,77.91,22.09,9187,8047,53.31,46.69,284.71,61.45,2010
2200608,Angical do Piauí,PI,Centro-Norte Piauiense,Médio Parnaíba Piauiense,6827,6991,2025,3365,3462,6827,1295,4136,1396,6827,1253,1369,4204,,1,6827,81.85,18.15,5336,1491,78.16,21.84,356.17,61.96,2010
2200707,Anísio de Abreu,PI,Sudoeste Piauiense,São Raimundo Nonato,9407,9649,2025,4776,4631,9407,2142,5921,1344,9407,2226,1243,5920,5,13,9407,77.16,22.84,4765,4642,50.65,49.35,221.91,67.6,2010
2200806,Antônio Almeida,PI,Sudoeste Piauiense,Bertolínia,3152,3234,2025,1597,1555,3152,721,1861,570,3152,425,573,2122,24,8,3152,83.05,16.95,2520,632,79.95,20.05,293.53,63.33,2010
2200905,Aroazes,PI,Centro-Norte Piauiense,Valença do Piauí,5369,5413,2025,2630,2739,5369,973,3285,1111,5369,779,998,3592,,,5369,75.91,24.09,3480,1889,64.82,35.18,265.91,64.66,2010
2200954,Aroeiras do Itaim,PI,Sudeste Piauiense,Picos,2690,2777,2025,1392,1298,2690,426,1712,552,2690,625,173,1890,1,1,2690,65.37,34.63,361,2329,13.42,86.58,182.29,77.84,2010
2201002,Arraial,PI,Centro-Norte Piauiense,Médio Parnaíba Piauiense,4520,4517,2025,2271,2249,4520,903,2837,780,4520,348,857,3315,,,4520,76.25,23.75,2570,1950,56.86,43.14,195.46,76.84,2010
2201051,Assunção do Piauí,PI,Centro-Norte Piauiense,Campo Maior,7452,7596,2025,3797,3655,7452,1800,4600,1052,7452,1887,1262,4286,15,2,7452,68.7,31.3,3134,4318,42.06,57.94,141.79,84.18,2010
2201101,Avelino Lopes,PI,Sudoeste Piauiense,Chapadas do Extremo Sul Piauiense,10866,11118,2025,5489,5377,10866,2429,6668,1769,10866,2093,572,8165,24,12,10866,81.1,18.9,7015,3851,64.56,35.44,218.97,73.06,2010
2201150,Baixa Grande do Ribeiro,PI,Sudoeste Piauiense,Alto Parnaíba Piauiense,13272,13983,2025,6800,6472,13272,3679,8451,1142,13272,2482,1027,9503,7,253,13272,85.09,14.91,8359,4913,62.98,37.02,225.94,73.59,2010
2201176,Barra D'Alcântara,PI,Centro-Norte Piauiense,Valença do Piauí,3995,4099,2025,1910,2085,3995,791,2445,759,3995,749,392,2854,,,3995,78.09,21.91,2205,1790,55.19,44.81,211.18,69.61,2010
2201200,Barras,PI,Norte Piauiense,Baixo Parnaíba Piauiense,47938,49703,2025,24048,23890,47938,11147,30015,6776,47938,6999,4751,36119,48,21,47938,75.04,24.96,24319,23619,50.73,49.27,257.99,66.74,2010
2201309,Barreiras do Piauí,PI,Sudoeste Piauiense,Alto Médio Gurguéia,3264,3336,2025,1687,1577,3264,723,2047,494,3264,344,598,2321,1,,3264,83.83,16.17,1941,1323,59.47,40.53,260.79,66.36,2010
2201408,Barro Duro,PI,Centro-Norte Piauiense,Médio Parnaíba Piauiense,6640,6731,2025,3219,3421,6640,1431,4056,1153,6640,1238,872,4530,,,6640,76.64,23.36,4901,1739,73.81,26.19,359.06,55.61,2010
2201507,Batalha,PI,Norte Piauiense,Baixo Parnaíba Piauiense,26300,27129,2025,13161,13139,26300,5514,16613,4173,26300,3566,2052,20667,13,2,26300,74.75,25.25,11616,14684,44.17,55.83,230.66,71.76,2010
2201556,Bela Vista do Piauí,PI,Sudeste Piauiense,Alto Médio Canindé,4091,4225,2025,2104,1987,4091,822,2722,547,4091,2560,379,1148,4,,4091,84.28,15.72,1765,2326,43.14,56.86,203.61,78.52,2010
2201572,Belém do Piauí,PI,Sudeste Piauiense,Alto Médio Canindé,3423,3515,2025,1702,1721,3423,650,2235,538,3423,1079,337,2007,,,3423,70.68,29.32,2036,1387,59.48,40.52,226.26,78.41,2010
2201606,Beneditinos,PI,Centro-Norte Piauiense,Teresina,9929,10093,2025,4969,4960,9929,1977,6015,1937,9929,1807,1004,7102,1,15,9929,73.81,26.19,6185,3744,62.29,37.71,263.09,66.93,2010
2201705,Bertolínia,PI,Sudoeste Piauiense,Bertolínia,5562,5715,2025,2834,2728,5562,1210,3486,866,5562,991,835,3719,4,13,5562,83.36,16.64,4410,1152,79.29,20.71,325.94,57.68,2010
2201739,Betânia do Piauí,PI,Sudeste Piauiense,Alto Médio Canindé,6220,6596,2025,3165,3055,6220,1493,3897,830,6220,1971,807,3406,2,34,6220,71.36,28.64,2186,4034,35.14,64.86,164.69,80.78,2010
2201770,Boa Hora,PI,Norte Piauiense,Baixo Parnaíba Piauiense,6902,7140,2025,3542,3360,6902,1535,4409,958,6902,907,485,5508,,2,6902,71.66,28.34,3319,3583,48.09,51.91,221.27,72.77,2010
2201804,Bocaina,PI,Sudeste Piauiense,Picos,4078,4118,2025,1982,2096,4078,666,2480,932,4078,1584,320,2174,,,4078,82.47,17.53,1785,2293,43.77,56.23,366.07,55.35,2010
2201903,Bom Jesus,PI,Sudoeste Piauiense,Alto Médio Gurguéia,28796,30658,2025,14329,14467,28796,6976,18942,2878,28796,6251,3711,18577,6,250,28796,88.1,11.9,23614,5182,82,18,501.14,52.2,2010
2201919,Bom Princípio do Piauí,PI,Norte Piauiense,Litoral Piauiense,5636,5805,2025,2952,2684,5636,1187,3660,789,5636,1578,188,3857,13,,5636,77.32,22.68,1915,3721,33.98,66.02,211.44,76.9,2010
2201929,Bonfim do Piauí,PI,Sudoeste Piauiense,São Raimundo Nonato,5913,6117,2025,3013,2900,5913,1288,3701,924,5913,1247,453,4191,3,19,5913,70.53,29.47,1790,4123,30.27,69.73,233.05,63.68,2010
2201945,Boqueirão do Piauí,PI,Centro-Norte Piauiense,Campo Maior,6545,6751,2025,3237,3308,6545,1398,4067,1080,6545,734,430,5377,1,3,6545,78.43,21.57,3139,3406,47.96,52.04,253.4,62.64,2010
2201960,Brasileira,PI,Norte Piauiense,Baixo Parnaíba Piauiense,8436,8684,2025,4228,4208,8436,1687,5344,1405,8436,1631,516,6265,3,21,8436,75.24,24.76,3952,4484,46.85,53.15,281.71,60.16,2010
2201988,Brejo do Piauí,PI,Sudoeste Piauiense,São Raimundo Nonato,3904,3964,2025,1972,1932,3904,756,2516,632,3904,748,464,2691,,1,3904,74.17,25.83,1511,2393,38.7,61.3,218.15,73.8,2010
2202000,Buriti dos Lopes,PI,Norte Piauiense,Litoral Piauiense,19654,20130,2025,9829,9825,19654,4528,12384,2742,19654,4107,2214,13308,11,14,19654,76.54,23.46,12663,6991,64.43,35.57,236.13,72.64,2010
2202026,Buriti dos Montes,PI,Centro-Norte Piauiense,Campo Maior,7434,7517,2025,3851,3583,7434,1437,4801,1196,7434,1135,411,5878,1,9,7434,76.57,23.43,2712,4722,36.48,63.52,212.72,72.37,2010
2202059,Cabeceiras do Piauí,PI,Norte Piauiense,Baixo Parnaíba Piauiense,10212,10466,2025,5152,5060,10212,2003,6478,1731,10212,1071,1144,7987,10,,10212,73.21,26.79,2407,7805,23.57,76.43,229.86,68.73,2010
2202075,Cajazeiras do Piauí,PI,Sudeste Piauiense,Picos,3108,3135,2025,1565,1543,3108,629,1960,519,3108,167,565,2376,,,3108,80.96,19.04,1174,1934,37.77,62.23,210.45,72.97,2010
2202083,Cajueiro da Praia,PI,Norte Piauiense,Litoral Piauiense,7957,8246,2025,4058,3899,7957,1666,5255,1036,7957,2081,447,5419,9,1,7957,80.86,19.14,5688,2269,71.48,28.52,246.88,78.51,2010
2202091,Caldeirão Grande do Piauí,PI,Sudeste Piauiense,Alto Médio Canindé,5503,5602,2025,2759,2744,5503,1101,3537,865,5503,1713,269,3521,,,5503,74.03,25.97,2153,3350,39.12,60.88,262.36,69.03,2010
2202109,Campinas do Piauí,PI,Sudeste Piauiense,Alto Médio Canindé,4938,4964,2025,2535,2403,4938,973,3049,916,4938,601,913,3413,11,,4938,77.4,22.6,1680,3258,34.02,65.98,209,71.36,2010
2202117,Campo Alegre do Fidalgo,PI,Sudeste Piauiense,Alto Médio Canindé,4616,4698,2025,2390,2226,4616,959,2999,658,4616,1161,524,2930,,1,4616,69.65,30.35,1350,3266,29.25,70.75,213.61,79.3,2010
2202133,Campo Grande do Piauí,PI,Sudeste Piauiense,Alto Médio Canindé,6020,6211,2025,3011,3009,6020,1256,3864,900,6020,1345,672,3993,2,8,6020,74.45,25.55,2357,3663,39.15,60.85,237.66,66.39,2010
2202174,Campo Largo do Piauí,PI,Norte Piauiense,Baixo Parnaíba Piauiense,7419,7669,2025,3805,3614,7419,1908,4658,853,7419,681,1454,5278,4,2,7419,71.8,28.2,1697,5722,22.87,77.13,158.02,81.77,2010
2202208,Campo Maior,PI,Centro-Norte Piauiense,Campo Maior,45793,47119,2025,21973,23820,45793,8332,29550,7911,45793,7094,3228,35415,34,21,45793,84.11,15.89,34532,11261,75.41,24.59,401.74,53.87,2010
2202251,Canavieira,PI,Sudoeste Piauiense,Floriano,3414,3404,2025,1754,1660,3414,707,2049,658,3414,484,528,2379,22,1,3414,79.53,20.47,1695,1719,49.65,50.35,209.47,71.16,2010
2202307,Canto do Buriti,PI,Sudoeste Piauiense,São Raimundo Nonato,19365,19639,2025,9614,9751,19365,3812,12200,3353,19365,4464,1589,13302,5,5,19365,78.63,21.37,11781,7584,60.84,39.16,279.71,65.95,2010
2202406,Capitão de Campos,PI,Centro-Norte Piauiense,Campo Maior,11100,11362,2025,5446,5654,11100,2293,6976,1831,11100,2026,1187,7858,5,24,11100,77.06,22.94,6604,4496,59.5,40.5,248.79,66,2010
2202455,Capitão Gervásio Oliveira,PI,Sudeste Piauiense,Alto Médio Canindé,3974,4071,2025,2064,1910,3974,809,2521,644,3974,1044,251,2671,1,7,3974,76.49,23.51,1488,2486,37.44,62.56,182.53,78.48,2010
2202505,Caracol,PI,Sudoeste Piauiense,São Raimundo Nonato,10318,10546,2025,5248,5070,10318,2430,6542,1346,10318,1893,1313,7111,,1,10318,70.49,29.51,4045,6273,39.2,60.8,221.08,75.35,2010
2202539,Caraúbas do Piauí,PI,Norte Piauiense,Litoral Piauiense,5630,5581,2025,2852,2778,5630,1219,3581,830,5630,1258,553,3819,,,5630,68.74,31.26,1013,4617,17.99,82.01,158.13,82.9,2010
2202554,Caridade do Piauí,PI,Sudeste Piauiense,Alto Médio Canindé,5033,5176,2025,2562,2471,5033,1102,3220,711,5033,1319,471,3241,,2,5033,75.15,24.85,2323,2710,46.16,53.84,203.34,76.33,2010
2202604,Castelo do Piauí,PI,Centro-Norte Piauiense,Campo Maior,19288,19669,2025,9572,9716,19288,4161,11587,3540,19288,3877,1952,13414,40,4,19288,76.96,23.04,11411,7877,59.16,40.84,270.82,64.17,2010
2202653,Caxingó,PI,Norte Piauiense,Litoral Piauiense,5496,5682,2025,2843,2653,5496,1277,3537,682,5496,1052,657,3784,3,,5496,70.4,29.6,1013,4483,18.43,81.57,177.35,78.5,2010
2202703,Cocal,PI,Norte Piauiense,Litoral Piauiense,28212,29302,2025,14314,13898,28212,6224,18236,3752,28212,8788,1292,18091,39,1,28212,73.29,26.71,12630,15582,44.77,55.23,198.58,76.65,2010
2202711,Cocal de Telha,PI,Centro-Norte Piauiense,Campo Maior,4911,5046,2025,2438,2473,4911,932,3114,865,4911,662,412,3836,1,,4911,75.37,24.63,2693,2218,54.84,45.16,245.15,67.59,2010
2202729,Cocal dos Alves,PI,Norte Piauiense,Litoral Piauiense,6386,6596,2025,3174,3212,6386,1382,4164,840,6386,2461,115,3810,,,6386,69.24,30.76,3127,3259,48.97,51.03,183.59,77.22,2010
2202737,Coivaras,PI,Centro-Norte Piauiense,Teresina,4117,4249,2025,2120,1997,4117,902,2544,671,4117,552,323,3240,,2,4117,77.95,22.05,1664,2453,40.42,59.58,234.94,71.37,2010
2202752,Colônia do Gurguéia,PI,Sudoeste Piauiense,Bertolínia,6150,6294,2025,3057,3093,6150,1356,3857,937,6150,1129,763,4255,,3,6150,83.69,16.31,4880,1270,79.35,20.65,291.37,63.07,2010
2202778,Colônia do Piauí,PI,Sudeste Piauiense,Picos,6994,7067,2025,3502,3492,6994,1322,4397,1275,6994,869,1814,4310,,1,6994,74.89,25.11,2846,4148,40.69,59.31,277.73,63.09,2010
2202802,Conceição do Canindé,PI,Sudeste Piauiense,Alto Médio Canindé,4932,5078,2025,2464,2468,4932,967,3029,936,4932,1331,512,3085,,4,4932,77.35,22.65,2587,2345,52.45,47.55,258.93,70.62,2010
2202851,Coronel José Dias,PI,Sudoeste Piauiense,São Raimundo Nonato,4250,4291,2025,2232,2018,4250,803,2674,773,4250,930,545,2768,2,5,4250,75.22,24.78,1476,2774,34.73,65.27,200.41,73.36,2010
2202901,Corrente,PI,Sudoeste Piauiense,Chapadas do Extremo Sul Piauiense,27278,28381,2025,13787,13491,27278,6346,17280,3652,27278,4155,4114,18909,71,29,27278,86.72,13.28,17380,9898,63.71,36.29,378.39,59.61,2010
2203008,Cristalândia do Piauí,PI,Sudoeste Piauiense,Chapadas do Extremo Sul Piauiense,7356,7431,2025,3865,3491,7356,1788,4384,1184,7356,1175,1013,5149,17,2,7356,79.27,20.73,3351,4005,45.55,54.45,204.49,77.16,2010
2203107,Cristino Castro,PI,Sudoeste Piauiense,Alto Médio Gurguéia,10503,10801,2025,5267,5236,10503,2576,6464,1463,10503,1567,1213,7719,,4,10503,82.02,17.98,7609,2894,72.45,27.55,307.32,66.9,2010
2203206,Curimatá,PI,Sudoeste Piauiense,Chapadas do Extremo Sul Piauiense,11270,11581,2025,5690,5580,11270,2607,6938,1725,11270,1504,994,8757,3,12,11270,87.41,12.59,7960,3310,70.63,29.37,285.52,64.3,2010
2203230,Currais,PI,Sudoeste Piauiense,Alto Médio Gurguéia,4854,4977,2025,2561,2293,4854,1161,2959,734,4854,611,403,3521,,319,4854,79.39,20.61,1473,3381,30.35,69.65,168.68,78.14,2010
2203271,Curral Novo do Piauí,PI,Sudeste Piauiense,Alto Médio Canindé,5073,5191,2025,2568,2505,5073,1228,3243,602,5073,1050,508,3507,4,2,5073,73.78,26.22,2365,2708,46.62,53.38,186.24,78.93,2010
2203255,Curralinhos,PI,Centro-Norte Piauiense,Teresina,4413,4555,2025,2238,2175,4413,1074,2625,714,4413,515,652,3242,1,3,4413,78.62,21.38,1828,2585,41.42,58.58,193.65,75.25,2010
2203305,Demerval Lobão,PI,Centro-Norte Piauiense,Teresina,16352,17139,2025,7944,8408,16352,3684,10444,2224,16352,2857,1630,11855,7,3,16352,85.44,14.56,13766,2586,84.19,15.81,311.48,58.34,2010
2203354,Dirceu Arcoverde,PI,Sudoeste Piauiense,São Raimundo Nonato,7054,7259,2025,3633,3421,7054,1526,4349,1179,7054,2171,663,4190,25,5,7054,76.19,23.81,2784,4270,39.47,60.53,265.3,63.74,2010
2203404,Dom Expedito Lopes,PI,Sudeste Piauiense,Picos,6320,6410,2025,3122,3198,6320,1091,4063,1166,6320,2596,350,3373,1,,6320,81.03,18.97,3754,2566,59.4,40.6,300.31,64.09,2010
2203453,Dom Inocêncio,PI,Sudoeste Piauiense,São Raimundo Nonato,9159,9332,2025,4786,4373,9159,1682,5838,1639,9159,3200,1005,4951,,3,9159,80.71,19.29,2978,6181,32.51,67.49,177.27,77.15,2010
2203420,Domingos Mourão,PI,Centro-Norte Piauiense,Campo Maior,4075,4129,2025,2082,1993,4075,941,2491,643,4075,1312,247,2506,9,1,4075,76.45,23.55,930,3145,22.82,77.18,240.24,71.83,2010
2203503,Elesbão Veloso,PI,Centro-Norte Piauiense,Valença do Piauí,13607,13743,2025,6592,7015,13607,2437,8378,2792,13607,2394,1672,9517,23,1,13607,75.14,24.86,9755,3852,71.69,28.31,283.38,60.76,2010
2203602,Eliseu Martins,PI,Sudoeste Piauiense,Bertolínia,4377,4421,2025,2229,2148,4377,818,2698,861,4377,741,572,3063,,1,4377,80.56,19.44,3447,930,78.75,21.25,370.7,57.52,2010
2203701,Esperantina,PI,Norte Piauiense,Baixo Parnaíba Piauiense,40970,42710,2025,20192,20778,40970,9036,26059,5875,40970,7915,4733,28283,21,18,40970,78.04,21.96,25104,15866,61.27,38.73,293.39,61,2010
2203750,Fartura do Piauí,PI,Sudoeste Piauiense,São Raimundo Nonato,5284,5426,2025,2735,2549,5284,1252,3184,848,5284,855,878,3550,,1,5284,74.23,25.77,1380,3904,26.12,73.88,186.85,73.7,2010
2203800,Flores do Piauí,PI,Sudoeste Piauiense,Floriano,4414,4512,2025,2227,2187,4414,932,2684,798,4414,713,618,3082,1,,4414,74.15,25.85,1945,2469,44.06,55.94,210.02,75.82,2010
2203859,Floresta do Piauí,PI,Sudeste Piauiense,Alto Médio Canindé,2333,2354,2025,1167,1166,2333,378,1442,513,2333,419,173,1737,,4,2333,65.32,34.68,991,1342,42.48,57.52,216.87,68.23,2010
2203909,Floriano,PI,Sudoeste Piauiense,Floriano,62036,64393,2025,29483,32553,62036,12499,40199,9338,62036,11613,12691,37416,132,184,62036,89.8,10.2,55966,6070,90.22,9.78,536.3,42.5,2010
2204006,Francinópolis,PI,Centro-Norte Piauiense,Valença do Piauí,4505,4481,2025,2203,2302,4505,900,2601,1004,4505,448,746,3308,1,2,4505,70.96,29.04,2829,1676,62.8,37.2,206.73,74.73,2010
2204105,Francisco Ayres,PI,Centro-Norte Piauiense,Médio Parnaíba Piauiense,4412,4548,2025,2175,2237,4412,948,2494,970,4412,683,556,3168,3,2,4412,73.82,26.18,2135,2277,48.39,51.61,268.41,63.2,2010
2204154,Francisco Macedo,PI,Sudeste Piauiense,Alto Médio Canindé,2929,2985,2025,1461,1468,2929,581,1892,456,2929,648,166,2115,,,2929,72.66,27.34,1341,1588,45.78,54.22,273.23,59.04,2010
2204204,Francisco Santos,PI,Sudeste Piauiense,Pio IX,8237,8349,2025,4185,4052,8237,1582,5266,1389,8237,2838,585,4809,1,4,8237,77.49,22.51,4914,3323,59.66,40.34,330.49,54.02,2010
2204303,Fronteiras,PI,Sudeste Piauiense,Alto Médio Canindé,10259,10344,2025,5039,5220,10259,1902,6618,1739,10259,3837,496,5900,20,6,10259,76.33,23.67,7194,3065,70.12,29.88,380.62,54.54,2010
2204352,Geminiano,PI,Sudeste Piauiense,Picos,5445,5604,2025,2733,2712,5445,1108,3450,887,5445,1618,274,3552,1,,5445,73.37,26.63,1477,3968,27.13,72.87,208.67,72.89,2010
2204402,Gilbués,PI,Sudoeste Piauiense,Alto Médio Gurguéia,10892,11193,2025,5512,5380,10892,2760,6589,1543,10892,1440,1676,7739,15,22,10892,82.65,17.35,7579,3313,69.58,30.42,285.45,69.88,2010
2204501,Guadalupe,PI,Sudoeste Piauiense,Floriano,10270,10480,2025,5039,5231,10270,2263,6397,1610,10270,2414,1393,6423,11,28,10270,86.56,13.44,9687,583,94.32,5.68,426.79,46.97,2010
2204550,Guaribas,PI,Sudoeste Piauiense,São Raimundo Nonato,4276,4344,2025,2163,2113,4276,1018,2746,512,4276,997,235,3043,1,,4276,73.39,26.61,1385,2891,32.39,67.61,162.06,79.98,2010
2204600,Hugo Napoleão,PI,Centro-Norte Piauiense,Médio Parnaíba Piauiense,3518,3550,2025,1738,1780,3518,726,2179,613,3518,740,366,2411,,1,3518,74.28,25.72,2884,634,81.98,18.02,214.09,73.45,2010
2204659,Ilha Grande,PI,Norte Piauiense,Litoral Piauiense,9274,9522,2025,4677,4597,9274,2028,6000,1246,9274,2040,891,6312,1,30,9274,80.17,19.83,7851,1423,84.66,15.34,221.81,76.51,2010
2204709,Inhuma,PI,Centro-Norte Piauiense,Valença do Piauí,14958,15268,2025,7459,7499,14958,2833,9406,2719,14958,3495,1658,9768,4,33,14958,76.73,23.27,7600,7358,50.81,49.19,263.73,66.69,2010
2204808,Ipiranga do Piauí,PI,Sudeste Piauiense,Picos,9420,9627,2025,4655,4765,9420,1810,5999,1611,9420,2241,1593,5586,,,9420,81.87,18.13,6276,3144,66.62,33.38,261.12,64.88,2010
2204907,Isaías Coelho,PI,Sudeste Piauiense,Alto Médio Canindé,7774,7867,2025,3850,3924,7774,1793,4728,1253,7774,1044,2198,4531,,1,7774,72.33,27.67,2253,5521,28.98,71.02,397.98,77.12,2010
2205003,Itainópolis,PI,Sudeste Piauiense,Alto Médio Canindé,10790,10969,2025,5456,5334,10790,1848,6750,2192,10790,2794,699,7283,11,3,10790,71.56,28.44,2944,7846,27.28,72.72,237.76,65.74,2010
2205102,Itaueira,PI,Sudoeste Piauiense,Floriano,10323,10477,2025,5191,5132,10323,1962,6418,1943,10323,1979,1640,6684,5,15,10323,78.78,21.22,6370,3953,61.71,38.29,321.64,63.03,2010
2205151,Jacobina do Piauí,PI,Sudeste Piauiense,Alto Médio Canindé,5613,5711,2025,2797,2816,5613,1107,3559,947,5613,1822,421,3367,3,,5613,71.82,28.18,2209,3404,39.36,60.64,190.04,74.6,2010
2205201,Jaicós,PI,Sudeste Piauiense,Alto Médio Canindé,17527,17789,2025,8552,8975,17527,3709,10945,2873,17527,2800,1622,13094,,11,17527,68.92,31.08,9026,8501,51.5,48.5,254.28,67.63,2010
2205250,Jardim do Mulato,PI,Centro-Norte Piauiense,Médio Parnaíba Piauiense,4180,4235,2025,2104,2076,4180,876,2548,756,4180,674,658,2848,,,4180,72.7,27.3,1303,2877,31.17,68.83,219.06,72.07,2010
2205276,Jatobá do Piauí,PI,Centro-Norte Piauiense,Campo Maior,4494,4560,2025,2319,2175,4494,738,2783,973,4494,790,266,3433,4,1,4494,76.04,23.96,955,3539,21.25,78.75,209.21,66.9,2010
2205300,Jerumenha,PI,Sudoeste Piauiense,Floriano,4497,4606,2025,2289,2208,4497,890,2793,814,4497,668,1084,2722,20,3,4497,80.84,19.16,2468,2029,54.88,45.12,275.19,63.93,2010
2205359,João Costa,PI,Sudeste Piauiense,Alto Médio Canindé,2970,3033,2025,1569,1401,2970,615,1873,482,2970,640,201,2124,3,2,2970,77.11,22.89,845,2125,28.45,71.55,191.63,74.18,2010
2205409,Joaquim Pires,PI,Norte Piauiense,Baixo Parnaíba Piauiense,13886,14265,2025,7107,6779,13886,3109,8867,1910,13886,2295,1175,10412,1,3,13886,73.31,26.69,4540,9346,32.69,67.31,163.33,81.33,2010
2205458,Joca Marques,PI,Norte Piauiense,Baixo Parnaíba Piauiense,5394,5552,2025,2697,2697,5394,1257,3382,755,5394,731,398,4263,1,1,5394,69.18,30.82,1982,3412,36.74,63.26,181.17,81.46,2010
2205508,José de Freitas,PI,Centro-Norte Piauiense,Teresina,42559,44689,2025,20988,21571,42559,9347,27073,6139,42559,5630,4492,32405,23,8,42559,81.1,18.9,27349,15210,64.26,35.74,316.27,65.55,2010
2205516,Juazeiro do Piauí,PI,Centro-Norte Piauiense,Campo Maior,5214,5308,2025,2687,2527,5214,964,3360,890,5214,1154,431,3623,3,3,5214,77.51,22.49,1786,3428,34.25,65.75,206.61,73.22,2010
2205524,Júlio Borges,PI,Sudoeste Piauiense,Chapadas do Extremo Sul Piauiense,5388,5501,2025,2862,2526,5388,1255,3286,847,5388,392,618,4378,,,5388,86.6,13.4,1914,3474,35.52,64.48,179.61,77.41,2010
2205532,Jurema,PI,Sudoeste Piauiense,São Raimundo Nonato,4425,4501,2025,2339,2086,4425,973,2801,651,4425,1027,310,3088,,,4425,71.9,28.1,725,3700,16.38,83.62,191.96,74.47,2010
2205557,Lagoa Alegre,PI,Centro-Norte Piauiense,Teresina,8256,8464,2025,4186,4070,8256,1752,5286,1218,8256,1352,622,6281,1,,8256,77.46,22.54,3399,4857,41.17,58.83,227.89,71.27,2010
2205573,Lagoa de São Francisco,PI,Centro-Norte Piauiense,Campo Maior,6331,6446,2025,3123,3208,6331,1372,3981,978,6331,2154,301,3392,2,482,6331,75.88,24.12,2033,4298,32.11,67.89,178.26,77.71,2010
2205565,Lagoa do Barro do Piauí,PI,Sudeste Piauiense,Alto Médio Canindé,4995,5171,2025,2591,2404,4995,1058,3214,723,4995,1598,311,3072,7,7,4995,78.92,21.08,1514,3481,30.31,69.69,152.61,81.47,2010
2205581,Lagoa do Piauí,PI,Centro-Norte Piauiense,Teresina,4810,5017,2025,2458,2352,4810,1112,2976,722,4810,656,766,3379,7,2,4810,82.26,17.74,2750,2060,57.17,42.83,242.33,66.72,2010
2205599,Lagoa do Sítio,PI,Centro-Norte Piauiense,Valença do Piauí,4520,4559,2025,2325,2195,4520,903,2730,887,4520,1283,562,2675,,,4520,69.09,30.91,1805,2715,39.93,60.07,183.92,75.77,2010
2205540,Lagoinha do Piauí,PI,Centro-Norte Piauiense,Médio Parnaíba Piauiense,2939,3044,2025,1485,1454,2939,638,1789,512,2939,490,295,2148,3,3,2939,79.92,20.08,1806,1133,61.45,38.55,262.04,68.05,2010
2205607,Landri Sales,PI,Sudoeste Piauiense,Bertolínia,5213,5309,2025,2528,2685,5213,1050,3114,1049,5213,693,987,3532,1,,5213,83.09,16.91,3851,1362,73.87,26.13,266.01,64.39,2010
2205706,Luís Correia,PI,Norte Piauiense,Litoral Piauiense,30641,31901,2025,15515,15126,30641,6592,19991,4058,30641,8905,1917,19761,32,26,30641,77.58,22.42,14236,16405,46.46,53.54,236.9,73.69,2010
2205805,Luzilândia,PI,Norte Piauiense,Baixo Parnaíba Piauiense,25375,26143,2025,12718,12657,25375,5574,15918,3883,25375,5528,1788,18050,7,2,25375,74.29,25.71,14208,11167,55.99,44.01,245.02,67.49,2010
2205854,Madeiro,PI,Norte Piauiense,Baixo Parnaíba Piauiense,8032,8231,2025,4051,3981,8032,1954,5116,962,8032,1131,742,6150,6,3,8032,74.32,25.68,3516,4516,43.77,56.23,150.89,85.39,2010
2205904,Manoel Emídio,PI,Sudoeste Piauiense,Bertolínia,5209,5315,2025,2687,2522,5209,1015,3290,904,5209,869,716,3624,,,5209,80.57,19.43,3649,1560,70.05,29.95,222.62,72.07,2010
2205953,Marcolândia,PI,Sudeste Piauiense,Alto Médio Canindé,8533,8822,2025,4253,4280,8533,2106,5446,981,8533,2115,706,5712,,,8533,77.05,22.95,7408,1125,86.82,13.18,291.91,62.17,2010
2206001,Marcos Parente,PI,Sudoeste Piauiense,Bertolínia,4724,4863,2025,2299,2425,4724,1055,2865,804,4724,752,485,3476,6,5,4724,82.69,17.31,4044,680,85.61,14.39,295.66,58.29,2010
2206050,Massapê do Piauí,PI,Sudeste Piauiense,Alto Médio Canindé,5218,5165,2025,2638,2580,5218,906,3333,979,5218,1303,839,3051,1,24,5218,65.7,34.3,941,4277,18.03,81.97,195.88,74.7,2010
2206100,Matias Olímpio,PI,Norte Piauiense,Baixo Parnaíba Piauiense,10641,10886,2025,5330,5311,10641,2658,6467,1516,10641,1994,980,7662,3,2,10641,74.13,25.87,5259,5382,49.42,50.58,204.46,75.47,2010
2206209,Miguel Alves,PI,Norte Piauiense,Baixo Parnaíba Piauiense,32150,33074,2025,16232,15918,32150,8259,19358,4533,32150,4590,4127,23369,49,8,32150,70.57,29.43,10673,21477,33.2,66.8,220.05,77.01,2010
2206308,Miguel Leão,PI,Centro-Norte Piauiense,Teresina,1318,1355,2025,659,659,1318,284,845,189,1318,184,322,811,1,,1318,79.21,20.79,903,415,68.51,31.49,294.48,62.27,2010
2206357,Milton Brandão,PI,Centro-Norte Piauiense,Campo Maior,6542,6681,2025,3347,3195,6542,1301,4132,1109,6542,2643,281,3605,5,8,6542,69.89,30.11,1947,4595,29.76,70.24,154.73,79.17,2010
2206407,Monsenhor Gil,PI,Centro-Norte Piauiense,Teresina,10255,10513,2025,4915,5340,10255,2110,6252,1893,10255,1464,1506,7266,9,10,10255,81.93,18.07,5672,4583,55.31,44.69,273.95,63.55,2010
2206506,Monsenhor Hipólito,PI,Sudeste Piauiense,Pio IX,7577,7762,2025,3786,3791,7577,1407,4843,1327,7577,2456,437,4680,,3,7577,73.13,26.87,3733,3844,49.27,50.73,315.6,57.92,2010
2206605,Monte Alegre do Piauí,PI,Sudoeste Piauiense,Alto Médio Gurguéia,10660,10928,2025,5396,5264,10660,2740,6520,1400,10660,1438,1552,7666,3,1,10660,80.93,19.07,3148,7512,29.53,70.47,217.23,76.51,2010
2206654,Morro Cabeça no Tempo,PI,Sudoeste Piauiense,Chapadas do Extremo Sul Piauiense,4377,4456,2025,2320,2057,4377,1089,2628,660,4377,631,501,3237,,8,4377,80.78,19.22,1672,2705,38.2,61.8,150.52,83.91,2010
2206670,Morro do Chapéu do Piauí,PI,Norte Piauiense,Baixo Parnaíba Piauiense,6425,6548,2025,3263,3162,6425,1440,4037,948,6425,1086,453,4874,2,10,6425,72.26,27.74,2430,3995,37.82,62.18,225.37,70.26,2010
2206696,Murici dos Portelas,PI,Norte Piauiense,Litoral Piauiense,9797,10210,2025,5027,4770,9797,2286,6258,1253,9797,1787,746,7215,46,3,9797,69.75,30.25,2094,7703,21.37,78.63,167.87,85.17,2010
2206704,Nazaré do Piauí,PI,Sudoeste Piauiense,Floriano,6665,6697,2025,3353,3312,6665,1373,3981,1311,6665,874,1190,4593,3,5,6665,76.21,23.79,3769,2896,56.55,43.45,218.07,68.33,2010
2206720,Nazária,PI,Centro-Norte Piauiense,Teresina,10262,10821,2025,5145,5117,10262,2548,6038,1676,10262,1158,2172,6922,1,9,10262,76.42,23.58,3322,6940,32.37,67.63,,,
2206753,Nossa Senhora de Nazaré,PI,Centro-Norte Piauiense,Campo Maior,5228,5442,2025,2652,2576,5228,979,3249,1000,5228,663,334,4223,7,1,5228,77.85,22.15,1785,3443,34.14,65.86,256.22,67.78,2010
2206803,Nossa Senhora dos Remédios,PI,Norte Piauiense,Baixo Parnaíba Piauiense,8525,8751,2025,4273,4252,8525,2077,5321,1127,8525,1023,1081,6418,3,,8525,73.19,26.81,3938,4587,46.19,53.81,183.4,76.83,2010
2207959,Nova Santa Rita,PI,Sudeste Piauiense,Alto Médio Canindé,4076,4142,2025,2128,1948,4076,854,2623,599,4076,1003,519,2552,,2,4076,77.28,22.72,879,3197,21.57,78.43,202.99,76.88,2010
2206902,Novo Oriente do Piauí,PI,Centro-Norte Piauiense,Valença do Piauí,6097,6158,2025,3041,3056,6097,1091,3785,1221,6097,896,628,4573,,,6097,74.93,25.07,3360,2737,55.11,44.89,240.65,69.38,2010
2206951,Novo Santo Antônio,PI,Centro-Norte Piauiense,Campo Maior,2827,2888,2025,1416,1411,2827,538,1706,583,2827,548,493,1783,3,,2827,70.86,29.14,1190,1637,42.09,57.91,224.54,72.77,2010
2207009,Oeiras,PI,Sudeste Piauiense,Picos,38161,39687,2025,18418,19743,38161,7623,24568,5970,38161,6596,8575,22945,4,41,38161,82.67,17.33,26570,11591,69.63,30.37,376.95,59.03,2010
2207108,Olho D'Água do Piauí,PI,Centro-Norte Piauiense,Médio Parnaíba Piauiense,2637,2730,2025,1317,1320,2637,581,1620,436,2637,448,405,1776,,8,2637,77.92,22.08,1410,1227,53.47,46.53,225.8,73.49,2010
2207207,Padre Marcos,PI,Sudeste Piauiense,Alto Médio Canindé,6382,6468,2025,3096,3286,6382,1245,4024,1113,6382,2098,1042,3231,,11,6382,65.99,34.01,3592,2790,56.28,43.72,217.66,71.32,2010
2207306,Paes Landim,PI,Sudeste Piauiense,Alto Médio Canindé,4088,4176,2025,2101,1987,4088,866,2552,670,4088,859,395,2829,5,,4088,80.42,19.58,2423,1665,59.27,40.73,225.53,69.84,2010
2207355,Pajeú do Piauí,PI,Sudoeste Piauiense,São Raimundo Nonato,3000,3032,2025,1552,1448,3000,500,1867,633,3000,527,262,2211,,,3000,76.64,23.36,1566,1434,52.2,47.8,261.36,68.13,2010
2207405,Palmeira do Piauí,PI,Sudoeste Piauiense,Alto Médio Gurguéia,4952,5047,2025,2580,2372,4952,1126,3068,758,4952,1162,525,3264,,1,4952,80.74,19.26,1922,3030,38.81,61.19,278.54,69,2010
2207504,Palmeirais,PI,Centro-Norte Piauiense,Médio Parnaíba Piauiense,13264,13458,2025,6561,6703,13264,3186,7897,2181,13264,1657,3314,8275,,15,13264,75.8,24.2,5566,7698,41.96,58.04,197.04,76.66,2010
2207553,Paquetá,PI,Sudeste Piauiense,Picos,3813,3873,2025,1957,1856,3813,683,2433,697,3813,1179,438,2196,,,3813,65.72,34.28,591,3222,15.5,84.5,202.6,74.75,2010
2207603,Parnaguá,PI,Sudoeste Piauiense,Chapadas do Extremo Sul Piauiense,10103,10282,2025,5302,4801,10103,2536,6142,1425,10103,1262,1367,7428,32,14,10103,82.97,17.03,5293,4810,52.39,47.61,211.44,74.66,2010
2207702,Parnaíba,PI,Norte Piauiense,Litoral Piauiense,162159,170491,2025,77438,84721,162159,32971,106626,22562,162159,49340,14362,98091,187,173,162159,88.26,11.74,154662,7497,95.38,4.62,479.58,51.94,2010
2207751,Passagem Franca do Piauí,PI,Centro-Norte Piauiense,Médio Parnaíba Piauiense,4135,4222,2025,2076,2059,4135,897,2623,615,4135,648,825,2648,12,2,4135,74.49,25.51,2650,1485,64.09,35.91,323.31,56.51,2010
2207777,Patos do Piauí,PI,Sudeste Piauiense,Alto Médio Canindé,5425,5427,2025,2785,2640,5425,873,3424,1128,5425,1116,343,3966,,,5425,69.53,30.47,2501,2924,46.1,53.9,215.75,71.67,2010
2207793,Pau D'Arco do Piauí,PI,Centro-Norte Piauiense,Teresina,3880,3979,2025,1999,1881,3880,782,2355,743,3880,474,178,3228,,,3880,74.21,25.79,872,3008,22.47,77.53,167.01,77.1,2010
2207801,Paulistana,PI,Sudeste Piauiense,Alto Médio Canindé,21055,21633,2025,10123,10932,21055,4653,13384,3018,21055,6957,2896,10631,4,567,21055,77.19,22.81,12558,8497,59.64,40.36,327.06,65.01,2010
2207850,Pavussu,PI,Sudoeste Piauiense,Floriano,3628,3697,2025,1928,1700,3628,693,2256,679,3628,549,345,2733,,1,3628,71.07,28.93,1881,1747,51.85,48.15,193.61,72.21,2010
2207900,Pedro II,PI,Centro-Norte Piauiense,Campo Maior,37894,39072,2025,18892,19002,37894,7713,23641,6540,37894,14474,1968,21407,20,22,37894,75.19,24.81,23706,14188,62.56,37.44,270.17,70.52,2010
2207934,Pedro Laurentino,PI,Sudeste Piauiense,Alto Médio Canindé,2458,2517,2025,1279,1179,2458,544,1515,399,2458,596,310,1551,,,2458,80.25,19.75,1086,1372,44.18,55.82,157.24,83.12,2010
2208007,Picos,PI,Sudeste Piauiense,Picos,83090,86701,2025,39821,43269,83090,15833,55627,11630,83090,29707,7535,45718,46,80,83090,86.29,13.71,66061,17029,79.51,20.49,563.88,41.11,2010
2208106,Pimenteiras,PI,Centro-Norte Piauiense,Valença do Piauí,11341,11487,2025,5749,5592,11341,2257,7067,2017,11341,3011,1009,7310,3,8,11341,72.13,27.87,4697,6644,41.42,58.58,249.17,68.9,2010
2208205,Pio IX,PI,Sudeste Piauiense,Pio IX,17613,17948,2025,8751,8862,17613,3713,11198,2702,17613,4802,1142,11655,1,13,17613,75.22,24.78,5821,11792,33.05,66.95,227.79,73.05,2010
2208304,Piracuruca,PI,Norte Piauiense,Litoral Piauiense,28846,29721,2025,14192,14654,28846,5985,18471,4390,28846,7349,1772,19647,56,22,28846,76.74,23.26,21530,7316,74.64,25.36,286.63,64.89,2010
2208403,Piripiri,PI,Norte Piauiense,Baixo Parnaíba Piauiense,65538,67887,2025,31840,33698,65538,13359,41531,10648,65538,16287,5624,42637,88,902,65538,80.82,19.18,49908,15630,76.15,23.85,380.67,55.63,2010
2208502,Porto,PI,Norte Piauiense,Baixo Parnaíba Piauiense,12052,12323,2025,6083,5969,12052,3348,7307,1397,12052,1333,1528,9184,6,,12052,74.64,25.36,7871,4181,65.31,34.69,226.34,77.07,2010
2208551,Porto Alegre do Piauí,PI,Sudoeste Piauiense,Bertolínia,2364,2382,2025,1221,1143,2364,553,1446,365,2364,257,269,1838,,,2364,79.51,20.49,1668,696,70.56,29.44,228.65,72.49,2010
2208601,Prata do Piauí,PI,Centro-Norte Piauiense,Valença do Piauí,3042,3096,2025,1539,1503,3042,641,1789,612,3042,644,325,2068,2,3,3042,73.84,26.16,2505,537,82.35,17.65,212.64,73.9,2010
2208650,Queimada Nova,PI,Sudeste Piauiense,Alto Médio Canindé,8738,8948,2025,4426,4312,8738,1619,5787,1332,8738,4498,1473,2602,,165,8738,79.28,20.72,2167,6571,24.8,75.2,168.78,79.34,2010
2208700,Redenção do Gurguéia,PI,Sudoeste Piauiense,Alto Médio Gurguéia,8394,8565,2025,4298,4096,8394,2096,5113,1185,8394,983,1885,5518,,8,8394,82.07,17.93,5400,2994,64.33,35.67,255.92,69.17,2010
2208809,Regeneração,PI,Centro-Norte Piauiense,Médio Parnaíba Piauiense,17133,17400,2025,8339,8794,17133,3992,10257,2884,17133,2214,4141,10760,,18,17133,74.82,25.18,13701,3432,79.97,20.03,299.65,64.83,2010
2208858,Riacho Frio,PI,Sudoeste Piauiense,Chapadas do Extremo Sul Piauiense,4165,4238,2025,2192,1973,4165,1040,2521,604,4165,493,549,3123,,,4165,83.49,16.51,2581,1584,61.97,38.03,161.99,82.12,2010
2208874,Ribeira do Piauí,PI,Sudeste Piauiense,Alto Médio Canindé,4055,4105,2025,2059,1996,4055,864,2509,682,4055,418,712,2919,4,2,4055,72.86,27.14,1074,2981,26.49,73.51,185.05,78.75,2010
2208908,Ribeiro Gonçalves,PI,Sudoeste Piauiense,Alto Parnaíba Piauiense,6164,6182,2025,3163,3001,6164,1454,3870,840,6164,1191,815,4154,,4,6164,83.29,16.71,4429,1735,71.85,28.15,274.79,65.05,2010
2209005,Rio Grande do Piauí,PI,Sudoeste Piauiense,Floriano,5801,5845,2025,2908,2893,5801,1088,3524,1189,5801,1006,803,3990,2,,5801,77.87,22.13,4181,1620,72.07,27.93,248.87,65.99,2010
2209104,Santa Cruz do Piauí,PI,Sudeste Piauiense,Picos,5831,5872,2025,2882,2949,5831,1046,3679,1106,5831,1147,1011,3670,,3,5831,76.11,23.89,4104,1727,70.38,29.62,278.49,63.2,2010
2209153,Santa Cruz dos Milagres,PI,Centro-Norte Piauiense,Valença do Piauí,3435,3448,2025,1678,1757,3435,701,2123,611,3435,357,341,2737,,,3435,76.77,23.23,2658,777,77.38,22.62,208.49,70.31,2010
2209203,Santa Filomena,PI,Sudoeste Piauiense,Alto Parnaíba Piauiense,6087,6210,2025,3131,2956,6087,1518,3858,711,6087,888,759,4368,27,45,6087,82.18,17.82,4085,2002,67.11,32.89,216.61,78.58,2010
2209302,Santa Luz,PI,Sudoeste Piauiense,Alto Médio Gurguéia,5336,5418,2025,2741,2595,5336,1193,3278,865,5336,876,739,3716,5,,5336,81.73,18.27,3290,2046,61.66,38.34,228.71,72.6,2010
2209377,Santa Rosa do Piauí,PI,Sudeste Piauiense,Picos,4650,4666,2025,2282,2368,4650,894,2867,889,4650,703,839,3108,,,4650,76.17,23.83,3374,1276,72.56,27.44,229.29,69.91,2010
2209351,Santana do Piauí,PI,Sudeste Piauiense,Picos,4125,4159,2025,2025,2100,4125,738,2592,795,4125,1718,202,2205,,,4125,73.25,26.75,1917,2208,46.47,53.53,228.52,67.05,2010
2209401,Santo Antônio de Lisboa,PI,Sudeste Piauiense,Pio IX,5839,5930,2025,2896,2943,5839,1106,3640,1093,5839,2127,444,3260,5,3,5839,78.85,21.15,3834,2005,65.66,34.34,329.44,56.14,2010
2209450,Santo Antônio dos Milagres,PI,Centro-Norte Piauiense,Médio Parnaíba Piauiense,2138,2169,2025,1056,1082,2138,526,1303,309,2138,188,204,1746,,,2138,78.04,21.96,1152,986,53.88,46.12,208.58,74.84,2010
2209500,Santo Inácio do Piauí,PI,Sudeste Piauiense,Alto Médio Canindé,3646,3682,2025,1838,1808,3646,645,2275,726,3646,960,350,2336,,,3646,75.64,24.36,2401,1245,65.85,34.15,235.42,67.63,2010
2209559,São Braz do Piauí,PI,Sudoeste Piauiense,São Raimundo Nonato,4358,4454,2025,2246,2112,4358,883,2745,730,4358,1070,450,2833,4,1,4358,77.18,22.82,939,3419,21.55,78.45,220.96,67.4,2010
2209609,São Félix do Piauí,PI,Centro-Norte Piauiense,Valença do Piauí,2842,2879,2025,1417,1425,2842,493,1654,695,2842,749,288,1805,,,2842,77.91,22.09,1661,1181,58.44,41.56,309.48,62.5,2010
2209658,São Francisco de Assis do Piauí,PI,Sudeste Piauiense,Alto Médio Canindé,5572,5713,2025,2840,2732,5572,1214,3606,752,5572,3208,425,1896,37,6,5572,74.37,25.63,1860,3712,33.38,66.62,141.81,83.9,2010
2209708,São Francisco do Piauí,PI,Sudoeste Piauiense,Floriano,5392,5358,2025,2662,2730,5392,1020,3215,1157,5392,725,1064,3574,29,,5392,72.99,27.01,1709,3683,31.7,68.3,256.79,71.11,2010
2209757,São Gonçalo do Gurguéia,PI,Sudoeste Piauiense,Alto Médio Gurguéia,2947,3026,2025,1522,1425,2947,683,1836,428,2947,314,361,2267,5,,2947,82.11,17.89,1506,1441,51.1,48.9,281.43,74.46,2010
2209807,São Gonçalo do Piauí,PI,Centro-Norte Piauiense,Médio Parnaíba Piauiense,4837,4985,2025,2416,2421,4837,1159,2941,737,4837,1048,821,2968,,,4837,79.2,20.8,3629,1208,75.03,24.97,227.37,69.1,2010
2209856,São João da Canabrava,PI,Sudeste Piauiense,Picos,4242,4359,2025,2088,2154,4242,769,2589,884,4242,1310,227,2701,3,1,4242,75.21,24.79,1247,2995,29.4,70.6,229.34,69.14,2010
2209872,São João da Fronteira,PI,Norte Piauiense,Litoral Piauiense,5522,5608,2025,2723,2799,5522,1278,3443,801,5522,1223,323,3966,7,3,5522,73.19,26.81,2648,2874,47.95,52.05,198.13,77.54,2010
2209906,São João da Serra,PI,Centro-Norte Piauiense,Campo Maior,6114,6232,2025,3032,3082,6114,1169,3621,1324,6114,1280,764,4055,8,7,6114,71.77,28.23,3903,2211,63.84,36.16,237.11,70.37,2010
2209955,São João da Varjota,PI,Sudeste Piauiense,Picos,4383,4430,2025,2148,2235,4383,943,2682,758,4383,334,1800,2240,,8,4383,72.33,27.67,1427,2956,32.56,67.44,224.99,70.4,2010
2209971,São João do Arraial,PI,Norte Piauiense,Baixo Parnaíba Piauiense,8186,8494,2025,4144,4042,8186,1964,5064,1158,8186,1356,501,6321,3,5,8186,76.95,23.05,4829,3357,58.99,41.01,174.82,79.76,2010
2210003,São João do Piauí,PI,Sudeste Piauiense,Alto Médio Canindé,21421,22137,2025,10495,10926,21421,4746,13704,2971,21421,4433,4792,12113,57,23,21421,82.99,17.01,15395,6026,71.87,28.13,368.36,58.42,2010
2210052,São José do Divino,PI,Norte Piauiense,Litoral Piauiense,4841,5317,2025,2448,2393,4841,892,3218,731,4841,1180,339,3310,12,,4841,69.87,30.13,2679,2162,55.34,44.66,214.48,74.46,2010
2210102,São José do Peixe,PI,Sudoeste Piauiense,Floriano,3297,3300,2025,1644,1653,3297,628,2032,637,3297,508,823,1963,3,,3297,79.69,20.31,2157,1140,65.42,34.58,242.73,70.12,2010
2210201,São José do Piauí,PI,Sudeste Piauiense,Picos,6597,6733,2025,3288,3309,6597,1285,4098,1214,6597,3079,599,2919,,,6597,72.57,27.43,3484,3113,52.81,47.19,275.18,58.94,2010
2210300,São Julião,PI,Sudeste Piauiense,Pio IX,6025,6131,2025,2958,3067,6025,1137,3803,1085,6025,2069,287,3669,,,6025,72.34,27.66,4111,1914,68.23,31.77,321.2,57.96,2010
2210359,São Lourenço do Piauí,PI,Sudoeste Piauiense,São Raimundo Nonato,4410,4497,2025,2251,2159,4410,762,2728,920,4410,903,328,3178,,1,4410,83.69,16.31,1373,3037,31.13,68.87,261.24,59.42,2010
2210375,São Luis do Piauí,PI,Sudeste Piauiense,Picos,2309,2277,2025,1121,1188,2309,434,1420,455,2309,789,82,1438,,,2309,73.55,26.45,818,1491,35.43,64.57,202.89,68.11,2010
2210383,São Miguel da Baixa Grande,PI,Centro-Norte Piauiense,Valença do Piauí,2269,2299,2025,1128,1141,2269,422,1372,475,2269,530,177,1557,5,,2269,70.82,29.18,1346,923,59.32,40.68,256.03,67.53,2010
2210391,São Miguel do Fidalgo,PI,Sudoeste Piauiense,Floriano,2829,2864,2025,1477,1352,2829,604,1756,469,2829,459,486,1881,,3,2829,77.3,22.7,1162,1667,41.07,58.93,185.84,78.73,2010
2210409,São Miguel do Tapuio,PI,Centro-Norte Piauiense,Campo Maior,17554,17911,2025,8848,8706,17554,3558,10763,3233,17554,4050,1663,11797,13,31,17554,71.42,28.58,7645,9909,43.55,56.45,189.01,76.91,2010
2210508,São Pedro do Piauí,PI,Centro-Norte Piauiense,Médio Parnaíba Piauiense,13755,14055,2025,6769,6986,13755,3279,8298,2178,13755,1953,2217,9568,7,6,13755,76.66,23.34,8999,4756,65.42,34.58,249.23,69.38,2010
2210607,São Raimundo Nonato,PI,Sudoeste Piauiense,São Raimundo Nonato,38934,41139,2025,19181,19753,38934,8605,25324,5005,38934,9187,5753,23675,181,137,38934,85.82,14.18,26672,12262,68.51,31.49,406.2,54.6,2010
2210623,Sebastião Barros,PI,Sudoeste Piauiense,Chapadas do Extremo Sul Piauiense,3202,3210,2025,1691,1511,3202,787,1942,473,3202,608,424,2168,2,,3202,81.08,18.92,1409,1793,44,56,189.25,79.97,2010
2210631,Sebastião Leal,PI,Sudoeste Piauiense,Bertolínia,4446,4590,2025,2299,2147,4446,998,2797,651,4446,1248,332,2864,,2,4446,79.18,20.82,2374,2072,53.4,46.6,198.01,77.04,2010
2210656,Sigefredo Pacheco,PI,Centro-Norte Piauiense,Campo Maior,9460,9623,2025,4912,4548,9460,1767,5871,1822,9460,1718,519,7215,6,2,9460,72.81,27.19,3409,6051,36.04,63.96,200.91,74.01,2010
2210706,Simões,PI,Sudeste Piauiense,Alto Médio Canindé,14350,14664,2025,7169,7181,14350,3353,9023,1974,14350,3240,1650,9456,4,,14350,76.78,23.22,7028,7322,48.98,51.02,261.23,67.2,2010
2210805,Simplício Mendes,PI,Sudeste Piauiense,Alto Médio Canindé,13870,14437,2025,6967,6903,13870,2938,8687,2245,13870,2861,2144,8787,55,23,13870,83.53,16.47,8679,5191,62.57,37.43,362.56,58.33,2010
2210904,Socorro do Piauí,PI,Sudeste Piauiense,Alto Médio Canindé,4141,4165,2025,2095,2046,4141,807,2526,808,4141,481,608,3050,2,,4141,78.55,21.45,1602,2539,38.69,61.31,195.08,73.54,2010
2210938,Sussuapara,PI,Sudeste Piauiense,Picos,6220,6346,2025,3095,3125,6220,1153,3986,1081,6220,2352,290,3576,,2,6220,77.7,22.3,3219,3001,51.75,48.25,265.42,66.09,2010
2210953,Tamboril do Piauí,PI,Sudoeste Piauiense,São Raimundo Nonato,2949,3040,2025,1512,1437,2949,656,1865,428,2949,546,273,2130,,,2949,73.75,26.25,1566,1383,53.1,46.9,189.63,77.99,2010
2210979,Tanque do Piauí,PI,Sudeste Piauiense,Picos,2316,2319,2025,1130,1186,2316,425,1453,438,2316,436,420,1453,,7,2316,81.07,18.93,1027,1289,44.34,55.66,250.37,66.41,2010
2211001,Teresina,PI,Centro-Norte Piauiense,Teresina,866300,905692,2025,405534,460766,866300,170137,576637,119526,866300,212511,124850,526745,987,1195,866300,92.88,7.12,821364,44936,94.81,5.19,757.57,37.83,2010
2211100,União,PI,Centro-Norte Piauiense,Teresina,46119,47896,2025,22921,23198,46119,10658,28640,6821,46119,7475,5687,32905,25,27,46119,77.02,22.98,23937,22182,51.9,48.1,232.7,72.34,2010
2211209,Uruçuí,PI,Sudoeste Piauiense,Alto Parnaíba Piauiense,25203,26779,2025,12500,12703,25203,6202,16011,2990,25203,5331,2907,16663,43,259,25203,86.7,13.3,21507,3696,85.34,14.66,364.39,53.84,2010
2211308,Valença do Piauí,PI,Centro-Norte Piauiense,Valença do Piauí,22279,23025,2025,10635,11644,22279,4153,14008,4118,22279,4736,2948,14564,1,29,22279,81.96,18.04,18067,4212,81.09,18.91,380.19,56.49,2010
2211357,Várzea Branca,PI,Sudoeste Piauiense,São Raimundo Nonato,5055,5181,2025,2565,2490,5055,1127,3191,737,5055,889,830,3333,,3,5055,73.5,26.5,1458,3597,28.84,71.16,201.49,72.38,2010
2211407,Várzea Grande,PI,Centro-Norte Piauiense,Valença do Piauí,4417,4520,2025,2148,2269,4417,864,2661,892,4417,917,680,2817,,3,4417,78.27,21.73,2830,1587,64.07,35.93,251.64,64.68,2010
2211506,Vera Mendes,PI,Sudeste Piauiense,Alto Médio Canindé,3185,3282,2025,1588,1597,3185,563,1979,643,3185,730,156,2297,,2,3185,68.31,31.69,1290,1895,40.5,59.5,173.56,78.43,2010
2211605,Vila Nova do Piauí,PI,Sudeste Piauiense,Alto Médio Canindé,2935,2972,2025,1489,1446,2935,515,1884,536,2935,880,105,1948,,2,2935,73.1,26.9,1254,1681,42.73,57.27,259.38,74.27,2010
2211704,Wall Ferraz,PI,Sudeste Piauiense,Picos,4059,4195,2025,2030,2029,4059,685,2652,722,4059,835,414,2808,,2,4059,71.13,28.87,1279,2780,31.51,68.49,195.12,77.19,2010
