territorio,municipio
Planície Litorânea,Bom Princípio do Piauí
Planície Litorânea,Buriti dos Lopes
Planície Litorânea,Cajueiro da Praia
Planície Litorânea,Caraúbas do Piauí
Planície Litorânea,Caxingó
Planície Litorânea,Cocal
Planície Litorânea,Cocal dos Alves
Planície Litorânea,Ilha Grande
Planície Litorânea,Luís Correia
Planície Litorânea,Murici dos Portelas
Planície Litorânea,Parnaíba
Cocais,Barras
Cocais,Batalha
Cocais,Brasileira
Cocais,Campo Largo do Piauí
Cocais,Domingos Mourão
Cocais,Esperantina
Cocais,Joaquim Pires
Cocais,Joca Marques
Cocais,Lagoa de São Francisco
Cocais,Luzilândia
Cocais,Madeiro
Cocais,Matias Olímpio
Cocais,Milton Brandão
Cocais,Morro do Chapéu do Piauí
Cocais,Nossa Senhora dos Remédios
Cocais,Pedro II
Cocais,Piracuruca
Cocais,Piripiri
Cocais,Porto
Cocais,São João da Fronteira
Cocais,São João do Arraial
Cocais,São José do Divino
Carnaubais,Assunção do Piauí
Carnaubais,Boa Hora
Carnaubais,Boqueirão do Piauí
Carnaubais,Buriti dos Montes
Carnaubais,Cabeceiras do Piauí
Carnaubais,Campo Maior
Carnaubais,Capitão de Campos
Carnaubais,Castelo do Piauí
Carnaubais,Cocal de Telha
Carnaubais,Jatobá do Piauí
Carnaubais,Juazeiro do Piauí
Carnaubais,Nossa Senhora de Nazaré
Carnaubais,Novo Santo Antônio
Carnaubais,São João da Serra
Carnaubais,São Miguel do Tapuio
Carnaubais,Sigefredo Pacheco
Entre Rios,Agricolândia
Entre Rios,Água Branca
Entre Rios,Alto Longá
Entre Rios,Altos
Entre Rios,Amarante
Entre Rios,Angical do Piauí
Entre Rios,Barro Duro
Entre Rios,Beneditinos
Entre Rios,Coivaras
Entre Rios,Curralinhos
Entre Rios,Demerval Lobão
Entre Rios,Hugo Napoleão
Entre Rios,Jardim do Mulato
Entre Rios,José de Freitas
Entre Rios,Lagoa Alegre
Entre Rios,Lagoa do Piauí
Entre Rios,Lagoinha do Piauí
Entre Rios,Miguel Alves
Entre Rios,Miguel Leão
Entre Rios,Monsenhor Gil
Entre Rios,Nazária
Entre Rios,Olho d'Água do Piauí
Entre Rios,Palmeirais
Entre Rios,Passagem Franca do Piauí
Entre Rios,Pau d'Arco do Piauí
Entre Rios,Regeneração
Entre Rios,Santo Antônio dos Milagres
Entre Rios,São Gonçalo do Piauí
Entre Rios,São Pedro do Piauí
Entre Rios,Teresina
Entre Rios,União
Vale do Sambito,Aroazes
Vale do Sambito,Barra d'Alcântara
Vale do Sambito,Elesbão Veloso
Vale do Sambito,Francinópolis
Vale do Sambito,Inhuma
Vale do Sambito,Ipiranga do Piauí
Vale do Sambito,Lagoa do Sítio
Vale do Sambito,Novo Oriente do Piauí
Vale do Sambito,Pimenteiras
Vale do Sambito,Prata do Piauí
Vale do Sambito,Santa Cruz dos Milagres
Vale do Sambito,São Félix do Piauí
Vale do Sambito,São Miguel da Baixa Grande
Vale do Sambito,Valença do Piauí
Vale do Sambito,Várzea Grande
Vale do Rio Guaribas,Alagoinha do Piauí
Vale do Rio Guaribas,Alegrete do Piauí
Vale do Rio Guaribas,Aroeiras do Itaim
Vale do Rio Guaribas,Bocaina
Vale do Rio Guaribas,Campo Grande do Piauí
Vale do Rio Guaribas,Dom Expedito Lopes
Vale do Rio Guaribas,Francisco Santos
Vale do Rio Guaribas,Fronteiras
Vale do Rio Guaribas,Geminiano
Vale do Rio Guaribas,Itainópolis
Vale do Rio Guaribas,Monsenhor Hipólito
Vale do Rio Guaribas,Paquetá
Vale do Rio Guaribas,Picos
Vale do Rio Guaribas,Pio IX
Vale do Rio Guaribas,Santana do Piauí
Vale do Rio Guaribas,Santo Antônio de Lisboa
Vale do Rio Guaribas,São João da Canabrava
Vale do Rio Guaribas,São José do Piauí
Vale do Rio Guaribas,São Julião
Vale do Rio Guaribas,São Luís do Piauí
Vale do Rio Guaribas,Sussuapara
Vale do Rio Guaribas,Vera Mendes
Vale do Rio Guaribas,Vila Nova do Piauí
Chapada do Vale do Rio Itaim,Acauã
Chapada do Vale do Rio Itaim,Belém do Piauí
Chapada do Vale do Rio Itaim,Betânia do Piauí
Chapada do Vale do Rio Itaim,Caldeirão Grande do Piauí
Chapada do Vale do Rio Itaim,Caridade do Piauí
Chapada do Vale do Rio Itaim,Curral Novo do Piauí
Chapada do Vale do Rio Itaim,Francisco Macedo
Chapada do Vale do Rio Itaim,Jacobina do Piauí
Chapada do Vale do Rio Itaim,Jaicós
Chapada do Vale do Rio Itaim,Marcolândia
Chapada do Vale do Rio Itaim,Massapê do Piauí
Chapada do Vale do Rio Itaim,Padre Marcos
Chapada do Vale do Rio Itaim,Patos do Piauí
Chapada do Vale do Rio Itaim,Paulistana
Chapada do Vale do Rio Itaim,Queimada Nova
Chapada do Vale do Rio Itaim,Simões
Vale do Canindé,Bela Vista do Piauí
Vale do Canindé,Cajazeiras do Piauí
Vale do Canindé,Campinas do Piauí
Vale do Canindé,Colônia do Piauí
Vale do Canindé,Conceição do Canindé
Vale do Canindé,Floresta do Piauí
Vale do Canindé,Isaías Coelho
Vale do Canindé,Oeiras
Vale do Canindé,Santa Cruz do Piauí
Vale do Canindé,Santa Rosa do Piauí
Vale do Canindé,Santo Inácio do Piauí
Vale do Canindé,São Francisco de Assis do Piauí
Vale do Canindé,São Francisco do Piauí
Vale do Canindé,São João da Varjota
Vale do Canindé,São Miguel do Fidalgo
Vale do Canindé,Simplício Mendes
Vale do Canindé,Tanque do Piauí
Vale do Canindé,Wall Ferraz
Serra da Capivara,Anísio de Abreu
Serra da Capivara,Bonfim do Piauí
Serra da Capivara,Campo Alegre do Fidalgo
Serra da Capivara,Capitão Gervásio Oliveira
Serra da Capivara,Caracol
Serra da Capivara,Coronel José Dias
Serra da Capivara,Dirceu Arcoverde
Serra da Capivara,Dom Inocêncio
Serra da Capivara,Fartura do Piauí
Serra da Capivara,Guaribas
Serra da Capivara,João Costa
Serra da Capivara,Jurema
Serra da Capivara,Lagoa do Barro do Piauí
Serra da Capivara,São Braz do Piauí
Serra da Capivara,São João do Piauí
Serra da Capivara,São Lourenço do Piauí
Serra da Capivara,São Raimundo Nonato
Serra da Capivara,Várzea Branca
Vale dos Rios Piauí e Itaueira,Arraial
Vale dos Rios Piauí e Itaueira,Brejo do Piauí
Vale dos Rios Piauí e Itaueira,Canto do Buriti
Vale dos Rios Piauí e Itaueira,Flores do Piauí
Vale dos Rios Piauí e Itaueira,Floriano
Vale dos Rios Piauí e Itaueira,Francisco Ayres
Vale dos Rios Piauí e Itaueira,Itaueira
Vale dos Rios Piauí e Itaueira,Nazaré do Piauí
Vale dos Rios Piauí e Itaueira,Nova Santa Rita
Vale dos Rios Piauí e Itaueira,Paes Landim
Vale dos Rios Piauí e Itaueira,Pajeú do Piauí
Vale dos Rios Piauí e Itaueira,Pavussu
Vale dos Rios Piauí e Itaueira,Pedro Laurentino
Vale dos Rios Piauí e Itaueira,Ribeira do Piauí
Vale dos Rios Piauí e Itaueira,Rio Grande do Piauí
Vale dos Rios Piauí e Itaueira,São José do Peixe
Vale dos Rios Piauí e Itaueira,Socorro do Piauí
Vale dos Rios Piauí e Itaueira,Tamboril do Piauí
Tabuleiros do Alto Parnaíba,Antônio Almeida
Tabuleiros do Alto Parnaíba,Baixa Grande do Ribeiro
Tabuleiros do Alto Parnaíba,Bertolínia
Tabuleiros do Alto Parnaíba,Canavieira
Tabuleiros do Alto Parnaíba,Guadalupe
Tabuleiros do Alto Parnaíba,Jerumenha
Tabuleiros do Alto Parnaíba,Landri Sales
Tabuleiros do Alto Parnaíba,Marcos Parente
Tabuleiros do Alto Parnaíba,Porto Alegre do Piauí
Tabuleiros do Alto Parnaíba,Ribeiro Gonçalves
Tabuleiros do Alto Parnaíba,Sebastião Leal
Tabuleiros do Alto Parnaíba,Uruçuí
Chapada das Mangabeiras,Alvorada do Gurgueia
Chapada das Mangabeiras,Avelino Lopes
Chapada das Mangabeiras,Barreiras do Piauí
Chapada das Mangabeiras,Bom Jesus
Chapada das Mangabeiras,Colônia do Gurgueia
Chapada das Mangabeiras,Corrente
Chapada das Mangabeiras,Cristalândia do Piauí
Chapada das Mangabeiras,Cristino Castro
Chapada das Mangabeiras,Curimatá
Chapada das Mangabeiras,Currais
Chapada das Mangabeiras,Eliseu Martins
Chapada das Mangabeiras,Gilbués
Chapada das Mangabeiras,Júlio Borges
Chapada das Mangabeiras,Manoel Emídio
Chapada das Mangabeiras,Monte Alegre do Piauí
Chapada das Mangabeiras,Morro Cabeça no Tempo
Chapada das Mangabeiras,Palmeira do Piauí
Chapada das Mangabeiras,Parnaguá
Chapada das Mangabeiras,Redenção do Gurgueia
Chapada das Mangabeiras,Riacho Frio
Chapada das Mangabeiras,Santa Filomena
Chapada das Mangabeiras,Santa Luz
Chapada das Mangabeiras,São Gonçalo do Gurgueia
Chapada das Mangabeiras,Sebastião Barros
